{
  "movies": [
    {
      "poster_path": "/dr6x4GyyegBWtinPBzipY02J2lV.jpg",
      "adult": false,
      "overview": "Driven by tragedy, billionaire Bruce Wayne dedicates his life to uncovering and defeating the corruption that plagues his home, Gotham City.  Unable to work within the system, he instead creates a new identity, a symbol of fear for the criminal underworld - The Batman.",
      "release_date": "2005-06-14",
      "original_title": "Batman Begins",
      "genre_ids": [
        28,
        80,
        18
      ],
      "id": 272,
      "media_type": "movie",
      "original_language": "en",
      "title": "Batman Begins",
      "backdrop_path": "/65JWXDCAfwHhJKnDwRnEgVB411X.jpg",
      "popularity": 8.056784,
      "vote_count": 6146,
      "video": false,
      "vote_average": 7.4,
      "_id": 1
    },
    {
      "poster_path": "/t1UAqk1Yej8rfxEUqNLFyKkcny1.jpg",
      "adult": false,
      "overview": "Batman has not been seen for ten years. A new breed of criminal ravages Gotham City, forcing 55-year-old Bruce Wayne back into the cape and cowl. But, does he still have what it takes to fight crime in a new era?",
      "release_date": "2012-09-06",
      "original_title": "Batman: The Dark Knight Returns, Part 1",
      "genre_ids": [
        28,
        16
      ],
      "id": 123025,
      "media_type": "movie",
      "original_language": "en",
      "title": "Batman: The Dark Knight Returns, Part 1",
      "backdrop_path": "/a6pB1w4lwp0WeTRQk9Q2K1F9W34.jpg",
      "popularity": 3.15628,
      "vote_count": 330,
      "video": false,
      "vote_average": 7.6,
      "_id": 4
    },
    {
      "poster_path": "/hCsXZPXP0VVohf84oYC6iOBCN43.jpg",
      "adult": false,
      "overview": "Peter Parker is going through a major identity crisis. Burned out from being Spider-Man, he decides to shelve his superhero alter ego, which leaves the city suffering in the wake of carnage left by the evil Doc Ock. In the meantime, Parker still can't act on his feelings for Mary Jane Watson, a girl he's loved since childhood.",
      "release_date": "2004-06-25",
      "original_title": "Spider-Man 2",
      "genre_ids": [
        28,
        12,
        14
      ],
      "id": 558,
      "media_type": "movie",
      "original_language": "en",
      "title": "Spider-Man 2",
      "backdrop_path": "/p2frIQykQPj3dXSYVOca60RQj9X.jpg",
      "popularity": 2.464062,
      "vote_count": 3454,
      "video": false,
      "vote_average": 6.5,
      "_id": 5
    },
    {
      "poster_path": "/9O7gLzmreU0nGkIB6K3BsJbzvNv.jpg",
      "adult": false,
      "overview": "Framed in the 1940s for the double murder of his wife and her lover, upstanding banker Andy Dufresne begins a new life at the Shawshank prison, where he puts his accounting skills to work for an amoral warden. During his long stretch in prison, Dufresne comes to be admired by the other inmates -- including an older prisoner named Red -- for his integrity and unquenchable sense of hope.",
      "release_date": "1994-09-23",
      "original_title": "The Shawshank Redemption",
      "genre_ids": [
        18,
        80
      ],
      "id": 278,
      "media_type": "movie",
      "original_language": "en",
      "title": "The Shawshank Redemption",
      "backdrop_path": "/j9XKiZrVeViAixVRzCta7h1VU9W.jpg",
      "popularity": 8.501938,
      "vote_count": 7133,
      "video": false,
      "vote_average": 8.4,
      "_id": 6
    }
  ],
  "posts": [
    {
      "id": 1,
      "title": "json-server",
      "author": "typicode"
    }
  ],
  "comments": [
    {
      "id": 1,
      "body": "some comment",
      "postId": 1
    }
  ],
  "profile": {
    "name": "typicode"
  }
}